comment,sentiment,vader_sentiment
The proposed amendment is a step in the right direction and will benefit all stakeholders.,positive,0.4588
I appreciate the clarity provided in the new draft. Well done!,positive,0.7777
The changes are unnecessary and may complicate compliance for small businesses.,negative,0.0
I strongly disagree with the suggested provisions; they are not practical.,negative,-0.128
"The draft is comprehensive, but some sections need further explanation.",neutral,0.128
"Overall, the amendment is good, but the implementation timeline is too short.",neutral,0.2382
The new rules will help streamline the process and reduce paperwork.,positive,0.4019
"There is a lack of clarity in section 4.2, which could lead to confusion.",neutral,-0.2023
The proposed changes will increase costs for companies.,negative,0.3182
"I support the initiative, but more details are required on enforcement.",neutral,0.2144
Excellent move towards transparency and accountability.,positive,0.5719
The amendment overlooks the challenges faced by rural enterprises.,negative,0.0772
The language used in the draft is clear and easy to understand.,positive,0.6705
"The consultation process is appreciated, but the feedback window is too short.",neutral,0.2846
The draft does not address the main concerns of the industry.,negative,0.0
The proposed changes will simplify reporting requirements for most stakeholders.,positive,0.0
"I find the objectives of the amendment reasonable, but more flexibility is needed.",neutral,0.5483
The draft will likely reduce turnaround times and improve efficiency.,positive,0.6597
Several clauses are vague and could lead to inconsistent application.,negative,-0.1027
The consultation demonstrates responsiveness to public feedback.,positive,0.0
More examples or implementation notes would help small entities comply.,neutral,0.4019
This will be burdensome for companies with limited administrative capacity.,negative,-0.5719
The language is well-structured and easy to follow.,positive,0.4404
The draft seems biased toward larger corporations and ignores SMEs.,negative,-0.4939
I welcome the initiative; it addresses many previous gaps.,positive,0.4588
The guidance on timelines is insufficient and needs expansion.,neutral,0.0
The changes are likely to have a positive impact on transparency.,positive,0.5574
The regulatory cost estimates appear understated.,negative,0.0
The proposal is neutral overall but requires clearer definitions.,neutral,0.0
This amendment will promote fair competition in the market.,positive,0.5994
There is no assessment of the impact on cross-border entities.,negative,-0.296
The illustrative examples are useful and should be expanded.,positive,0.4404
The draft lacks clarity on enforcement mechanisms.,negative,0.4019
Stakeholder engagement seems to have been thorough.,positive,0.4588
Certain thresholds set in the draft are arbitrary and unjustified.,negative,0.2732
The draft provides helpful guidance for compliance officers.,positive,0.4215
I am neutral about the technical changes; they seem minor.,neutral,0.0
The proposal could reduce duplication of paperwork across departments.,positive,0.0
The proposed timelines are unrealistic for most respondents.,negative,0.0
The document is well-referenced and cites relevant precedents.,positive,0.0
The consultation window is too short for meaningful review.,negative,0.3182
The impact on startups is not clearly evaluated.,neutral,-0.3089
The draft promotes digital submissions which is a welcome change.,positive,0.6597
The exemption criteria are unclear and may lead to disputes.,negative,-0.4767
The definitions section is helpful but some terms need refinement.,neutral,0.2263
The reform will likely streamline approvals and reduce backlogs.,positive,0.0
The proposed penalties seem disproportionate to the violations.,negative,-0.5267
Overall balance of the draft appears reasonable.,neutral,0.0
The modernization measures are timely and pragmatic.,positive,0.0
The cost-benefit analysis does not consider administrative costs.,negative,0.0
Additional stakeholder training resources would be beneficial.,neutral,0.4404
The new reporting format will make data comparable across periods.,positive,0.0
There is a risk of unintended loopholes in clause 7.,negative,-0.2732
The readability of the document has improved compared to earlier drafts.,positive,0.4767
The transition arrangements are vague and need detail.,neutral,-0.1027
This will encourage compliance through clearer obligations.,positive,0.5106
The policy fails to address regional disparities.,negative,-0.4215
The proposed amendments are consistent with international best practice.,positive,0.6369
The timeline for feedback incorporation is not realistic.,negative,0.0
The regulatory definitions are generally clear and concise.,neutral,0.3818
The draft appears to reduce ambiguity in reporting standards.,positive,0.0
Some technical requirements impose heavy IT costs on smaller firms.,negative,-0.296
The outreach strategy for implementation could be stronger.,neutral,0.5719
The provision on exemptions is a positive step.,positive,0.5574
The draft does not reflect operational challenges faced by practitioners.,negative,-0.0572
The examples in annex A clarify complex points well.,positive,0.2732
The proposed audit requirements are onerous for micro-enterprises.,negative,0.0
"I support the policy, but suggest phased adoption timelines.",neutral,0.2144
The guidance on dispute resolution is comprehensive and practical.,positive,-0.1779
The reporting thresholds will disadvantage mid-sized entities.,negative,-0.4215
The stakeholder templates are helpful for standardizing submissions.,positive,0.4215
The rationale for change in section 5 is not sufficiently evidenced.,negative,0.0
The draft does a good job balancing interests of different groups.,positive,0.5994
Insufficient consideration of language accessibility for diverse users.,negative,0.0
The proposed amendment strengthens accountability mechanisms.,positive,0.4588
The cost implications for compliance were not adequately calculated.,negative,0.0
I neither strongly support nor oppose the technical clarifications.,neutral,-0.4717
The update reduces duplication with other regulatory instruments.,positive,0.0
The practical impact on day-to-day operations is understated.,negative,0.0
The alignment with recent judicial decisions is appreciated.,positive,0.5106
The proposed fee structure is burdensome to charities and NGOs.,negative,0.1027
The document reads as balanced and evidence-based.,neutral,0.0
The amendments will likely shorten approval cycles significantly.,positive,0.4767
The enforcement burden may shift disproportionately to local offices.,negative,-0.4404
The commentary boxes are a useful addition for practitioners.,positive,0.4404
I am concerned about the increased data retention requirements.,negative,0.2732
The digital onboarding process described is user-friendly.,positive,0.0
The draft does not address data protection concerns adequately.,negative,0.0
The proposed metrics for performance are sensible and measurable.,neutral,0.0
The changes will reduce compliance ambiguity for reporting entities.,positive,0.0
Smaller firms may struggle with the new recordkeeping requirements.,negative,-0.3182
Clarify how exemptions will be applied in practice.,neutral,0.0
The consultation document reflects a progressive regulatory approach.,positive,0.0
The draft introduces complexities without clear benefits.,negative,-0.5216
The supporting FAQ should be expanded to aid interpretation.,neutral,0.4404
The amendment encourages innovation by removing outdated constraints.,positive,0.6705
The proposed monitoring framework is vague and under-resourced.,negative,-0.1027
The public examples help contextualize the changes.,neutral,0.4019
This will improve clarity for international investors.,positive,0.6808
There is insufficient stakeholder analysis from affected sectors.,negative,-0.1531
The procedural steps for appeal are clearly described.,positive,0.4019
The timeline for implementation lacks contingency planning.,negative,0.0
The draft is technically sound but needs plain-language edits.,neutral,0.0
The new classification scheme is intuitive and well explained.,positive,0.2732
The small business impact assessment is missing key data.,negative,-0.296
The templates for submission will save time for filers.,positive,0.4939
The draft's assumptions about resource availability are optimistic.,negative,0.3182
The cross-references between sections are accurate and helpful.,neutral,0.4215
The proposal will enhance transparency of decision-making.,positive,0.0
The amendment may unintentionally increase administrative overhead.,negative,0.3182
Recommend publishing an implementation roadmap alongside the draft.,neutral,0.3612
The approach to harmonization across rules is well thought out.,positive,0.6124
The proposed thresholds could create a compliance cliff.,negative,0.2732
Clarify definitions for niche categories to avoid misinterpretation.,neutral,-0.296
The draft fosters better governance practices in the sector.,positive,0.4404
The enforcement penalties lack proportionality in some cases.,negative,-0.3182
Several editorial inconsistencies should be corrected before finalization.,neutral,0.0
The proposals will promote fairer market access for new entrants.,positive,0.3818
The compliance burden appears to shift costs to consumers.,negative,-0.4404
Consider stakeholder workshops to explain implementation nuances.,neutral,0.0
The initiative is a positive move toward regulatory simplification.,positive,0.5574
The draft overlooks the needs of remote operators and service providers.,negative,0.0
The annexes provide useful templates but need localization guidance.,neutral,0.2382
The suggested timelines are realistic and achievable.,positive,0.3182
The draft will increase compliance costs during the transition period.,negative,0.3182
The text is helpful but could benefit from a summary of key changes.,neutral,0.7096
Adopting these amendments will align our standards internationally.,positive,0.0
There is a lack of clear transitional measures for affected parties.,negative,0.34
Provide a short plain-language summary for lay readers.,neutral,0.0
The proposal will reduce repetitive reporting and free up resources.,positive,0.3182
The draft imposes extra costs on registrants without clear benefit.,negative,-0.6204
The procedural clarifications are helpful but not comprehensive.,neutral,-0.0541
I welcome the move to digital-first submissions; it's long overdue.,positive,0.4588
The penalties outlined seem harsh relative to the likely harm.,negative,-0.7506
Some sections require plain-language explanations for non-experts.,neutral,0.0
The proposed thresholds are appropriate and well-argued.,positive,0.0
The timeline for compliance is too compressed for many stakeholders.,negative,0.0
The examples provided clarify the application of the rules.,positive,0.0
There is insufficient evidence on the impact to micro businesses.,negative,0.0
I appreciate the focus on reducing administrative duplication.,positive,0.4019
The draft should include guidance for cross-border entities.,neutral,0.0
The risk-based approach is sensible and pragmatic.,positive,0.0
The draft lacks adequate consideration of sector-specific needs.,negative,0.2263
The annexes are practical and will help in implementation.,positive,0.4019
The consultation materials are dense and hard to navigate.,negative,-0.1027
This will improve consistency of submissions across agencies.,positive,0.4404
There is little discussion of capacity building for enforcement.,neutral,0.0
The provisions on exemptions are clear and reasonable.,positive,0.3818
The proposed reporting frequency may be onerous for small firms.,negative,0.0
The draft aligns well with international guidance on the subject.,positive,0.2732
The cost estimates don't reflect ongoing administrative expenses.,negative,0.0
The guidance on recordkeeping is precise and actionable.,positive,0.0
The draft needs a clearer statement of policy objectives.,neutral,0.0
"The proposal encourages use of standardized templates, which is helpful.",positive,0.6908
The criteria for waiver eligibility are not transparent enough.,negative,0.0
Implementation support materials should be provided for stakeholders.,neutral,0.4019
The changes will streamline approvals and reduce delays.,positive,0.0
The proposal may inadvertently disadvantage regional operators.,negative,-0.4215
The change to reporting fields will improve data quality.,positive,0.4404
The draft lacks adequate input from affected civil society groups.,negative,0.0772
The plain-language guide is a good addition for non-technical users.,positive,0.4404
The scope of the amendment is too narrow to address systemic issues.,neutral,0.0
The risk assessment methodology is logical and defensible.,positive,-0.0772
The administrative burden during the transition is a concern.,negative,-0.4404
The proposed timelines provide sufficient time for preparation.,positive,0.0
The economic analysis needs more transparency on assumptions.,negative,0.0
The templates in Annex C are clear and easy to use.,positive,0.6705
There is ambiguity in the definition of key reporting terms.,neutral,0.0
The reform will likely encourage compliance through simplification.,positive,0.5106
The compliance costs for not-for-profits are not evaluated.,negative,0.0
The draft's cross-references make navigation straightforward.,positive,0.0
The interplay with other statutes is not fully explained.,negative,0.0
The measure to reduce duplication is likely to save time and money.,positive,0.4939
The consultation period should be extended for thorough review.,neutral,0.0
The amendment will help harmonize reporting across jurisdictions.,positive,0.6597
The burden on local regulators is not quantified in the impact study.,negative,-0.4404
The examples demonstrating compliance scenarios are helpful.,positive,0.4215
The proposed data retention periods are excessive without justification.,negative,0.0
The change promotes clarity in obligations for filers.,positive,0.6249
The draft overlooks the needs of remote and rural operators.,negative,0.0
The explanatory notes are concise and aid understanding.,positive,0.0
The thresholds may create compliance cliffs at scale boundaries.,negative,0.2732
The proposal's aim to reduce red tape is commendable.,positive,0.0
The policy does not address transitional licensing issues clearly.,neutral,0.4019
The draft's user-facing materials will aid voluntary compliance.,positive,0.0
The proposed monitoring framework seems under-resourced.,negative,0.0
The revision will make it easier for newcomers to comply.,positive,0.4215
The draft does not account for regional economic differences.,negative,0.0
The formatting and layout of the document improve readability.,positive,0.4404
The scope expansion may increase regulatory complexity overall.,negative,0.3182
The consultation shows good stakeholder engagement to date.,positive,0.7096
The explanatory diagrams should be localized for different audiences.,neutral,0.0
The proposed templates will reduce errors in data submission.,positive,-0.34
There is insufficient discussion on data anonymization concerns.,negative,0.0
The draft is a positive step toward modernized regulation.,positive,0.5574
The amendment might increase short-term compliance costs.,negative,0.3182
A clear summary of key changes for practitioners would help.,neutral,0.6486
The proposal supports better interoperability between systems.,positive,0.6597
The policy lacks adequate clarity on appeals procedures.,negative,0.5574
The approach is evidence-informed and aligns with best practice.,positive,0.6369
There is limited consideration of language and accessibility needs.,negative,-0.2263
The clarifications reduce the potential for inconsistent interpretation.,positive,0.0
The draft's assumptions about IT readiness are optimistic.,negative,0.5106
The supporting case studies illustrate likely outcomes well.,positive,0.6124
The draft could more clearly address small-scale operators' needs.,neutral,0.4576
The changes should lower administrative costs for most filers.,positive,-0.296
The enforcement resources required are not properly scoped.,negative,0.0
The proposed fee relief for certain categories is helpful.,positive,0.7906
The policy may create uneven compliance burdens across sectors.,negative,-0.1027
"The document is concise and to the point, which aids review.",positive,0.0
The proposed standards could be misaligned with sector realities.,negative,0.0
The consultation summary provides useful context for changes.,neutral,0.4404
The change will enhance data quality for better policy-making.,positive,0.4404
Some obligations appear duplicative of existing reporting rules.,negative,0.0
The draft is practical and recognizes operational constraints.,positive,0.0
The lack of a clear implementation timeline is concerning.,negative,0.0772
The new guidance on exemptions is pragmatic and helpful.,positive,0.4215
The draft underestimates training needs for frontline staff.,negative,-0.2732
The suggested approach is pragmatic and feasible.,positive,0.0
The proposed audit requirements are too frequent for low-risk entities.,negative,0.0
The plain-language summary is an excellent accessibility measure.,positive,0.5719
The draft could better explain the rationale for new thresholds.,neutral,0.4404
The amendments will reduce duplication with other reporting regimes.,positive,0.0
The change may increase burden on entities with limited resources.,negative,-0.3612
The templates and checklists will save time for applicants.,positive,0.4939
The draft's risk calibration is unclear in several places.,negative,-0.4767
The draft will improve clarity when applied across departments.,positive,0.6808
The document should include more sector-specific examples.,neutral,0.0
The proposed changes encourage digital-first interactions effectively.,positive,0.7351
There is not enough detail on how compliance will be monitored.,negative,0.0
The reform's objectives are clearly stated and measurable.,positive,0.4019
The impact on small regional operators is not assessed adequately.,negative,0.0
The draft's examples help interpret complex provisions clearly.,positive,0.6597
Clause 12 could be misapplied without additional guidance.,negative,0.0
The consultation has captured a wide range of stakeholder views.,positive,0.0
The draft lacks a clear risk-based enforcement matrix.,neutral,0.3818
The changes improve alignment with international reporting norms.,positive,0.4404
The compliance costs during the rollout will be significant for some.,negative,0.2023
The guidance on appeals and review is clear and fair.,positive,0.5994
The draft doesn't sufficiently address cross-border data flows.,negative,0.0
The new reporting categories are logical and reduce ambiguity.,positive,0.0
The timelines for phased implementation are unclear.,neutral,-0.25
The amendment reduces unnecessary paperwork for routine filings.,positive,0.0
The proposed reporting burden on micro-enterprises is concerning.,negative,-0.4404
The supporting examples in Annex D are directly applicable.,positive,0.4404
The draft lacks input from practitioner organizations.,negative,0.0
The changes are a meaningful step toward simplification.,positive,0.3182
There is limited assessment of cumulative regulatory burden.,negative,-0.5859
The glossary clarifies many previously ambiguous terms.,positive,0.2263
The draft should better acknowledge regional enforcement capacity.,negative,0.4404
The decision tree included is helpful for compliance officers.,positive,0.4215
The proposed exemptions may be open to inconsistent interpretation.,neutral,0.0
The amendment supports clearer governance arrangements.,positive,0.3612
The policy may shift costs disproportionately to end users.,negative,0.0
Consider a phased pilot to test operational impacts before nation-wide rollout.,neutral,0.0
The revision will reduce redundant filings and duplication across agencies.,positive,0.0
The draft's data access provisions require stronger safeguards.,negative,0.6124
The document is well-referenced and cites relevant sources.,positive,0.0
The operational impact on underserved regions is not evaluated.,negative,0.0
The change will make it easier for new entrants to comply with minimal guidance.,positive,0.4215
Some reporting requirements seem misaligned with business cycles.,negative,0.0
Recommend providing a checklist for first-time filers to reduce errors.,neutral,0.0258
The reforms will likely enhance transparency and public trust.,positive,0.5106
The draft underplays the costs of system upgrades for filers.,negative,0.0
The proposed metrics for evaluation are achievable and sensible.,neutral,0.3182
The document will help standardize reporting across departments.,positive,0.4019
The draft may inadvertently increase paperwork for small charities.,negative,0.6705
The explanatory examples are very helpful for practitioners.,positive,0.4754
The implementation plan would benefit from clearer milestones.,neutral,0.4588
The changes will reduce ambiguity and support consistent compliance.,positive,0.4019
The consultation does not address language diversity in outreach.,negative,0.2732
Consider publishing a short FAQ addressing common implementation questions.,neutral,0.0
The proposal improves predictability for regulated entities.,positive,0.4215
The draft contains some internal inconsistencies that need correction.,negative,0.0
The recommended templates reduce potential for misfiling and errors.,positive,-0.1531
The cost-benefit analysis lacks sensitivity testing.,negative,0.0
The timeline allows reasonable time for transition for most entities.,positive,0.0
The draft may impose additional reporting obligations on SMEs.,negative,-0.296
The summary of changes is a useful quick reference for stakeholders.,neutral,0.4404
The proposed changes will make compliance simpler for first-time filers.,positive,0.0
The draft overlooks the reporting needs of cross-border service providers.,negative,0.0
I have no strong views; the technical edits are minor.,neutral,0.2732
The modernization of forms will reduce processing time significantly.,positive,0.0
The new documentation requirements could overwhelm volunteer-run groups.,negative,-0.1779
The explanations are balanced and help interpret the intent.,neutral,0.4019
The draft increases transparency around licensing decisions.,positive,0.0
The consultation underestimates costs for remote operators.,negative,-0.2732
The glossary clarifies many previously ambiguous terms.,neutral,0.2263
Migrating to a single digital portal is a clear improvement.,positive,0.6808
The proposed audit scope is too broad for the stated risks.,negative,-0.2732
I am neutral; the changes are incremental rather than transformational.,neutral,0.0
The draft provides a clear framework for exemptions.,positive,0.3818
The consultation fails to consider language support needs.,negative,-0.0258
The annex examples make complex points easier to follow.,neutral,0.4215
The reform should reduce delays in approvals across departments.,positive,0.0
The implementation costs for small NGOs are not assessed.,negative,0.0
The timeline proposed gives adequate time for stakeholder adjustment.,neutral,0.2263
The changes will improve accuracy of public records.,positive,0.4404
The draft could better address the needs of micro-enterprises.,negative,0.4404
The templates will reduce common errors in submissions.,neutral,-0.34
The provisions encourage best-practice governance across entities.,positive,0.5106
The monitoring mechanisms lack independent oversight.,negative,-0.3182
The plain-language summary aids non-expert readers effectively.,neutral,0.4404
The policy aligns with recent international guidance on reporting.,positive,0.0
The draft lacks a clear cost estimate for system upgrades.,negative,0.3818
The structure of the document improves navigability.,neutral,0.4215
The revision will streamline inter-agency data exchange.,positive,0.0
The proposed thresholds could unfairly penalize small operators.,negative,0.0
The examples provided are relevant and well-chosen.,neutral,0.0
The update will foster better compliance through clarity.,positive,0.6808
The draft provides insufficient detail on appeals procedures.,negative,0.0
The guidance aligns with existing statutory language nicely.,neutral,0.4404
The approach minimizes duplication of filings for large groups.,positive,0.0
The amendments may increase short-term administrative burdens.,negative,-0.0516
The templates are easy to use and reduce ambiguity.,neutral,0.4404
The policy change will likely reduce processing backlogs.,positive,0.0
The draft's enforcement approach could be more proportionate.,negative,0.0
The coverage of transitional measures is adequate.,neutral,0.2263
The move to standardized reporting fields is positive.,positive,0.5574
The proposed fee structure lacks adequate justification.,negative,0.2263
The explanatory flowcharts aid implementation planning.,neutral,0.0
The proposed compliance incentives are well-designed.,positive,0.3182
There is little discussion of data minimization principles.,negative,0.0
The document offers helpful direction for compliance officers.,neutral,0.4215
The suggested timelines are feasible for most organizations.,positive,0.0
The draft does not sufficiently assess impacts on freelancers.,negative,0.1027
The cross-references are accurate and helpful for readers.,neutral,0.4215
The change will reduce manual interventions in processing.,positive,0.0
The draft's assumptions about staffing capacity are optimistic.,negative,0.3182
The examples in Annex E are practical and illustrative.,neutral,0.0
The proposed measures will increase regulatory certainty.,positive,0.5106
The draft overlooks the needs of remote service providers.,negative,0.0
The layout of the document improves readability for stakeholders.,neutral,0.4215
The digital submission process will lower error rates substantially.,positive,-0.5994
The draft should better explain emergency or temporary measures.,negative,0.0772
The inclusion of sample letters is useful for applicants.,neutral,0.4404
The amendment should reduce duplicated reporting across agencies.,positive,0.0
The proposed monitoring lacks clarity on resource allocation.,negative,0.4019
The commentary boxes help explain the rationale behind changes.,neutral,0.4019
The new approach improves clarity around responsibilities.,positive,0.6705
The draft's implementation costs may be prohibitive for some.,negative,0.0
A plain-language quick guide would help public consultation response.,neutral,0.4019
The proposal will enhance interoperability among existing systems.,positive,0.0
The draft gives too little consideration to the charity sector.,negative,0.4215
The proposed reporting cadence is appropriate for risk levels.,neutral,-0.2732
The draft strengthens transparency in decision-making processes.,positive,0.4588
The policy could impose hidden administrative costs on small firms.,negative,-0.296
The transition plan includes reasonable milestones.,neutral,0.0
The change will reduce discretion and increase fairness.,positive,0.3182
The draft lacks evidence for some major policy choices.,negative,0.0
The guidance on appeals timelines is clear and practical.,neutral,0.3818
The standardized fields will support better data analytics.,positive,0.6808
The draft does not sufficiently address multilingual outreach.,negative,0.2732
The document's examples are representative of common cases.,neutral,0.0
The amendments will likely improve compliance behavior overall.,positive,0.4404
The consultation process needs more transparency on decision criteria.,negative,0.0
The explanatory notes provide helpful context for implementers.,neutral,0.4215
The proposed simplifications will reduce administrative duplication.,positive,0.0
The proposed scope expansion risks overreach without safeguards.,negative,-0.4829
The checklist at the end helps first-time filers a lot.,neutral,0.3818
The policy is forward-looking and supports modernization.,positive,0.3612
The draft's cost estimates omit important overheads.,negative,0.2023
The alignment with other regulatory instruments is evident.,neutral,0.0
The draft reduces ambiguity in reporting duties across entities.,positive,0.0
The draft may disproportionately affect community organizations.,negative,0.0
The implementation resources cited seem adequate.,neutral,0.2263
The reform simplifies procedures for multi-jurisdictional entities.,positive,0.0
The draft's timelines could be tightened for clarity.,negative,0.4019
The document's structure makes it easy to locate relevant sections.,neutral,0.4404
The change encourages better recordkeeping practices.,positive,0.7003
The draft does not provide enough examples for edge cases.,negative,0.0
The FAQs included will help reduce common queries.,neutral,0.4019
The proposed changes will enhance fairness and predictability.,positive,0.0
The policy may impose disproportionate compliance costs on startups.,negative,-0.296
The implementation guidance is practical and implementable.,neutral,0.0
The proposed amendment will streamline inter-agency reporting.,positive,0.0
The draft undervalues the resources needed for staff training.,negative,0.0
The plain-language summary is valuable for general audiences.,neutral,0.4767
The draft's aim to reduce red tape is evident and welcome.,positive,0.4588
Certain provisions might overlap with existing local regulations.,negative,0.2732
The document clarifies many previous ambiguities in practice.,neutral,0.2263
The proposal will reduce duplication and improve data quality.,positive,0.4404
There is a lack of specific guidance for low-capacity entities.,negative,-0.3182
The proposed templates are clear and encourage consistency.,neutral,0.7096
The changes align with international standards in important areas.,positive,0.2023
The draft should better explain criteria for exemptions.,negative,0.4404
The document contains useful implementation checklists.,neutral,0.4404
The reform will reduce unnecessary administrative steps.,positive,0.0
The consultation materials could be more accessible for non-specialists.,negative,0.0
The guidance on record retention periods is explicit and helpful.,neutral,0.4215
The standardization of reporting fields will aid comparative analysis.,positive,0.0
The draft's enforcement approach needs clearer proportionality tests.,negative,0.0
The inclusion of sample templates is a practical benefit.,neutral,0.4588
The proposal will likely reduce processing backlogs considerably.,positive,0.0
The proposed thresholds lack justification for their selection.,negative,-0.3182
The annexes provide helpful templates and examples for users.,neutral,0.4215
The amendment will simplify multi-stage approval processes.,positive,0.4767
The draft may increase short-term costs for community organizations.,negative,0.3182
The draft includes a clear timeline for phased rollout.,neutral,0.3818
The update will make compliance obligations more predictable.,positive,0.0
The consultation underestimates the need for outreach materials.,negative,0.0
The flowcharts clarify decision points for implementers.,neutral,0.0
The change to digital submissions will improve data integrity.,positive,0.6705
The draft lacks a clear plan for training enforcement officers.,negative,0.3818
The sample cases are effective in illustrating application.,neutral,0.4767
The amendments support consistency across regulatory instruments.,positive,0.4019
The proposed reporting frequency may be too burdensome for nonprofits.,negative,-0.4215
The glossary and definitions are comprehensive and helpful.,neutral,0.5859
The reform will promote transparency across the board.,positive,0.3818
The draft overlooks certain industry-specific operational realities.,negative,0.2732
The document's layout and navigation are user-friendly.,neutral,0.0
The change should speed up response times for applicants.,positive,0.0
The draft's impact on micro-businesses is not adequately assessed.,negative,0.0
The explanatory notes address many likely implementation questions.,neutral,0.0
The proposed templates will standardize filing formats usefully.,positive,0.4215
The consultation lacks sufficient detail on long-term impacts.,negative,0.0
The annex examples are concise and directly applicable.,neutral,0.0
The amendments improve clarity around exemptions and waivers.,positive,0.6808
The proposed changes could complicate compliance for charities.,negative,0.4939
The implementation roadmap is practical and time-bound.,neutral,0.0
The proposal's intent to reduce redundancy is clear and welcome.,positive,0.6808
The draft's economic assumptions should be validated further.,negative,0.2263
The cross-references between sections help readers navigate the draft.,neutral,0.4019
The reform will likely lead to faster processing times overall.,positive,0.0
The draft should more clearly indicate who bears the compliance costs.,negative,0.4576
The guidance on dispute resolution is fair and transparent.,neutral,-0.1027
The proposed changes will reduce administrative duplication significantly.,positive,0.0
The draft lacks adequate consideration of informal sector impacts.,negative,0.2263
The policy rationale is well-explained in the introductory section.,neutral,0.0
The digitization measures will modernize the submission process.,positive,0.0
The draft's timelines for compliance are inconsistent in places.,negative,0.0
The annex provides useful checklists for routine compliance tasks.,neutral,0.4404
The reform encourages harmonization across related regimes.,positive,0.7003
The consultation should better articulate transitional relief measures.,negative,0.7184
The provision of templates reduces ambiguity for filers.,neutral,0.0
The proposed amendment will make decision-making more transparent.,positive,0.0
There is a risk of increased admin burden during the initial phase.,negative,-0.4404
The document's examples cover most common scenarios.,neutral,0.0
The change will make it easier to compare data over time.,positive,0.4215
The draft should include an assessment of regional resource impact.,negative,0.0
The suggested timelines for feedback are reasonable.,neutral,0.0
The amendment will help align domestic rules with global norms.,positive,0.4019
The draft places additional recordkeeping requirements on small firms.,negative,0.0
The policy objectives are clearly stated and measurable.,neutral,0.4019
The reform will streamline reporting and reduce redundancy.,positive,0.0
The consultation did not engage enough with civil society groups.,negative,-0.2584
The layout of the draft aids quick reference for practitioners.,neutral,0.0
The update to definitions resolves long-standing ambiguity.,positive,0.1779
The draft's workload estimates are optimistic and need scrutiny.,negative,0.3182
The explanatory notes are practical for operational use.,neutral,0.0
The proposal enhances consistency and predictability for stakeholders.,positive,0.0
The draft does not sufficiently consider nonprofits' constraints.,negative,0.0
The templates in annexes will help ensure completeness of filings.,neutral,0.6486
The modernization efforts will reduce unnecessary manual steps.,positive,0.0
The draft's assumption about IT readiness should be tested.,negative,0.25
The inclusion of an executive summary is a helpful feature.,neutral,0.4215
The proposed reporting fields will improve data comparability.,positive,0.4404
The proposal may require costly upgrades to legacy systems.,negative,-0.1027
The policy background provides useful context for the changes.,neutral,0.4404
The amendment will improve transparency in regulatory decision-making.,positive,0.4404
The proposed fee increases are not justified by cost evidence.,negative,-0.3089
The case studies included are helpful for implementers.,neutral,0.4215
The reform reduces duplication and streamlines inter-agency flows.,positive,0.0
There is insufficient consideration of language and accessibility needs.,negative,0.0
The draft's structure allows stakeholders to identify key changes quickly.,neutral,0.0
The changes will encourage better compliance through simpler rules.,positive,0.7351
The draft may unintentionally create compliance hurdles for small operators.,negative,0.2732
The document explains the expected benefits clearly.,neutral,0.6486
The proposed measures will enhance public accountability.,positive,0.0
The draft underestimates ongoing operational costs for filers.,negative,-0.2732
The templates are well-designed and user-focused.,neutral,0.0
The amendments are likely to reduce processing times substantially.,positive,0.0
The consultation lacks a clear plan for outreach to disadvantaged groups.,negative,0.25
The section-by-section guide is useful for legal reviewers.,neutral,0.5267
The proposal will reduce the number of repetitive filings required.,positive,-0.1779
The draft's impact analysis needs more robust methodology.,negative,0.4005
The document provides clear guidance for phased implementation.,neutral,0.3818
The changes should support better data-driven policymaking.,positive,0.6808
The proposed sanctions may deter minor non-compliance excessively.,negative,0.0
The annex with templates is practical and time-saving for users.,neutral,0.0
The approach to stakeholder consultation is commendable and inclusive.,positive,0.0
The draft will improve predictability for regulated entities.,positive,0.4404
There are unanswered questions about cross-jurisdictional enforcement.,neutral,0.0
The proposal reduces duplication and clarifies reporting duties.,positive,0.2263
Implementation costs have been underestimated in the impact assessment.,negative,-0.2732
The exemptions framework is sensible and well-justified.,positive,0.0
The new definitions may create unintended classification issues.,negative,0.2732
The document is generally balanced though some technical edits needed.,neutral,0.0
This revision will lower administrative burdens for filers.,positive,-0.5719
The timelines conflict with existing statutory deadlines.,negative,-0.3182
The clarity on recordkeeping standards is particularly useful.,positive,0.7089
The draft lacks sufficient guidance for enforcement officers.,negative,0.0
Overall the policy direction is positive and evidence-based.,positive,0.5574
I am neutral; the draft addresses a narrow set of issues only.,neutral,0.0
The standardized templates will reduce filing errors.,positive,-0.34
The impact on informal sector operators is not considered.,negative,0.0
Good to see alignment with international standards.,positive,0.4404
Potential privacy implications are not fully explained.,negative,0.0
The explanatory notes help interpret complex provisions.,positive,0.4019
The thresholds should be adjusted to protect small entities.,negative,0.3818
This will improve transparency around decision-making processes.,positive,0.4404
The proposed audit frequency is excessive for low-risk actors.,negative,0.0
The policy is a welcome modernization of existing rules.,positive,0.4588
The document could better address language accessibility.,neutral,0.4404
The amendment promotes digital filing which saves time.,positive,0.34
The criteria for waivers are vague and need tightening.,negative,-0.1027
The cross-reference table aids navigation of the draft.,positive,0.0
The draft lacks an assessment of regional economic impact.,negative,0.0
The regulatory objectives are clearly articulated.,positive,0.4019
There is insufficient data supporting the estimated benefits.,negative,0.6705
The approach balances flexibility with clear obligations.,positive,0.6124
I remain neutral; more stakeholder engagement would help.,neutral,0.7165
The proposal will reduce administrative duplication across agencies.,positive,0.0
The proposed sanctions are disproportionately harsh.,negative,-0.4404
The guidance on transitional arrangements is useful.,positive,0.4404
The cost implications for nonprofits are not addressed.,negative,0.0
The draft is well-structured and logically ordered.,positive,0.0
Some defined terms appear contradictory and need fixing.,negative,-0.34
The public examples make the application straightforward.,positive,0.0
The consultation period is too brief for thorough review.,negative,0.0
The new reporting fields are sensible and measurable.,positive,0.0
The policy fails to consider remote service providers adequately.,negative,-0.4215
This draft improves existing guidance in a pragmatic way.,positive,0.4215
The implementation timeframe is unrealistic for many stakeholders.,negative,0.0
The summary of changes is concise and helpful.,positive,0.4215
There is limited engagement with civil society perspectives.,negative,0.2732
The guidance aligns well with contemporaneous reforms.,positive,0.2732
The proposed metrics are not robust enough for evaluation.,negative,-0.2584
The annex provides clear templates for submissions.,positive,0.3818
The burden on local authorities is not quantified.,negative,-0.4404
The amendment is likely to increase compliance rates.,positive,0.3182
More clarity needed on how exemptions will be granted.,neutral,0.6115
The proposal prioritizes transparency and accountability.,positive,0.0
The draft's language may exclude non-native speakers.,negative,-0.2263
The consultation materials are thorough and well-presented.,positive,0.0
The economic assumptions are optimistic and need sensitivity testing.,negative,0.3182
I neither support nor oppose the technical clarifications.,neutral,-0.3089
The change will reduce redundant filings and ease compliance.,positive,0.3612
This may place unexpected costs on micro-enterprises.,negative,0.0
The integration with related instruments is clearly mapped out.,positive,0.4019
There is insufficient empirical evidence to justify some measures.,negative,0.0
The document's plain-language summaries are a big improvement.,positive,0.4588
The draft overlooks operational constraints in rural regions.,negative,0.0
The procedural steps are clearly defined and practical.,positive,0.4019
The proposed reporting cadence may be too frequent for small firms.,negative,0.0
The harmonization approach will aid multinational compliance.,positive,0.4404
The consultation underestimates stakeholder training needs.,negative,-0.2732
The regulatory objectives are proportionate to the risks identified.,positive,-0.2732
The draft lacks a clear communications plan for roll-out.,neutral,0.3818
The provisions will support better data consistency across reports.,positive,0.6808
The draft introduces technical complexity without clear benefit.,negative,-0.5667
The public consultation process appears inclusive.,positive,0.0
The thresholds should include phased transition mechanisms.,neutral,0.0
The policy strengthens governance and oversight functions.,positive,0.4588
The draft does not address enforcement resource constraints.,negative,0.0
The checklist in Annex B is practical and user-friendly.,positive,0.0
The assessment of cumulative burdens is missing.,negative,-0.5719
The changes seem likely to improve investor confidence.,positive,0.7351
The draft could better recognise the needs of family-run businesses.,negative,0.4404
The document would benefit from a short executive summary.,neutral,0.4588
The proposed reporting portal is intuitive and accessible.,positive,0.0
The amendment may inadvertently create regulatory overlap.,negative,0.2732
Clarify whether existing filings will remain valid under the new rules.,neutral,0.0
The reforms promote clarity and reduce discretionary interpretation.,positive,0.6486
The draft's assumptions about administrative capacity are weak.,negative,-0.4404
Provide illustrative case studies to guide implementation.,neutral,0.0
The revision will modernize outdated procedures effectively.,positive,0.4404
The proposed compliance checks could be streamlined further.,negative,0.0
The FAQ section addresses many likely queries succinctly.,positive,0.0
The impact on cross-border trade is not analysed in depth.,negative,0.0
The document strikes a balance between ambition and pragmatism.,neutral,-0.3612
The amendments will encourage better recordkeeping practices.,positive,0.7351
There is risk of uneven application across jurisdictions.,negative,-0.2732
Consider a pilot phase before full national implementation.,neutral,0.0
The incentives introduced will encourage voluntary compliance.,positive,0.6808
The changes may increase the administrative burden short-term.,negative,-0.1531
The draft's tone is technical; consider a lay summary for the public.,neutral,0.0
